,Date,Average Buy Size,", Average Sell Size",Max buy size,Max sell size, Buy volume,sell volume,Total volume traded, EOD Price in USD,Average Liquidity in Pool
0,06-05-20,0.0,28154810073.04845,0.0,28154810073.04845,0.0,28154810073.04845,28154810073.04845,1107.0997287376683,241175775.7657382
1,11-05-20,0.0,13425113580.703062,0.0,13425113580.703062,0.0,13425113580.703062,13425113580.703062,918.8094055684401,82892242.07860243
2,14-05-20,0.0,107883119.89000489,0.0,372219210.31362265,0.0,215766239.78000978,215766239.78000978,0.9960637357856245,9365343.550356498
3,18-05-20,1026675166.7990979,1585261.9186868477,2039237857.5802948,7930282578.232927,2053350333.5981958,15852619.186868478,2069202952.7850642,436.798657973472,22660939.98590666
4,19-05-20,5572157668.7111,3494759.0608220273,27268815019.437912,1389527149.828884,27860788343.5555,104842771.82466082,27965631115.38016,1077.8807670392766,10948443.633979337
5,20-05-20,0.0,1432159.2067144674,0.0,576683643.6983517,0.0,12889432.860430207,12889432.860430207,893.2273189449646,2171047.7512376835
6,21-05-20,0.0,43951452.379032515,0.0,43951452.379032515,0.0,43951452.379032515,43951452.379032515,1177.361433307185,3591114.677616987
7,22-05-20,53790580.17913808,309489248.09878576,94762016.2443786,618978496.1975715,107581160.35827616,618978496.1975715,726559656.5558476,1089.1077442332603,1886014.9701741585
8,23-05-20,85968707.4424922,43447911.37292012,85968707.4424922,86895822.74584024,85968707.4424922,86895822.74584024,172864530.18833244,1463.4081885819626,1459414.8519341878
9,24-05-20,0.0,126102380.65900418,0.0,126102380.65900418,0.0,126102380.65900418,126102380.65900418,1412.39766357513,535260.1797876064
10,25-05-20,0.0,9680357.852518914,0.0,278560337.1421782,0.0,19360715.70503783,19360715.70503783,0.9975872401377697,6004281.4673489705
11,28-05-20,0.0,22766307.63291299,0.0,45532615.26582598,0.0,45532615.26582598,45532615.26582598,1974.8123981420638,2081062.052147762
12,29-05-20,504075251.9447687,18251653.553460155,504075251.9447687,69831421.26945013,504075251.9447687,54754960.66038047,558830212.6051491,1303.3613633044317,4836126.852860631
13,30-05-20,87447759.23953272,0.0,87447759.23953272,0.0,87447759.23953272,0.0,87447759.23953272,284.94635701344095,770.7742870493063
14,01-06-20,0.0,32906898.910164975,0.0,32906898.910164975,0.0,32906898.910164975,32906898.910164975,1607.0555760071322,142993.00218046605
15,03-06-20,0.0,18140502.15596416,0.0,18140502.15596416,0.0,18140502.15596416,18140502.15596416,1638.3893452094628,1051311.7056807613
16,07-06-20,140185770.89990413,60947507.11715716,140185770.89990413,60947507.11715716,140185770.89990413,60947507.11715716,201133278.0170613,1183.13298131018,219130.2784210818
17,08-06-20,94205738.54956587,0.0,94205738.54956587,0.0,94205738.54956587,0.0,94205738.54956587,114.06672114845517,241.9158496173408
18,09-06-20,0.0,133374823.06357278,0.0,266749646.12714556,0.0,266749646.12714556,266749646.12714556,293.8608690620919,139698.73378927703
19,10-06-20,184544531.97149625,0.0,184544531.97149625,0.0,184544531.97149625,0.0,184544531.97149625,299.12034665259205,32959.70055901936
20,12-06-20,0.0,71252699.36434072,0.0,71252699.36434072,0.0,71252699.36434072,71252699.36434072,1935.8132582306278,3699859.3545136023
21,13-06-20,0.0,69087155.50223605,0.0,69087155.50223605,0.0,69087155.50223605,69087155.50223605,1287.220116684984,359915.8117629522
22,14-06-20,0.0,21186994.916594848,0.0,21186994.916594848,0.0,21186994.916594848,21186994.916594848,741.5659062837132,19757.43818866461
23,15-06-20,64240106.23273029,56616193.83443222,64240106.23273029,56616193.83443222,64240106.23273029,56616193.83443222,120856300.06716251,1060.8487026109742,619710.9345067188
24,16-06-20,0.0,646077941.9033765,0.0,646077941.9033765,0.0,646077941.9033765,646077941.9033765,644.724674185772,4965274.601714138
25,17-06-20,0.0,48356300.57753281,0.0,96712601.15506563,0.0,96712601.15506563,96712601.15506563,1099.3058648872302,213100.01718731108
26,19-06-20,0.0,53825732.32560774,0.0,201659945.28661028,0.0,161477196.9768232,161477196.9768232,1171.443779778209,2325882.8511396484
27,20-06-20,0.0,7133222.849079844,0.0,68480561.11333595,0.0,14266445.698159687,14266445.698159687,1367.0769005234931,523750.0117288854
28,21-06-20,28795577.35076248,107196090.32942915,28795577.35076248,107196090.32942915,28795577.35076248,107196090.32942915,135991667.68019164,1456.476939185274,1114730.1180390525
29,23-06-20,0.0,108659659.42833434,0.0,108659659.42833434,0.0,108659659.42833434,108659659.42833434,691.8391995105887,1867461.59971777
30,25-06-20,13582290.193009442,291844005.2315601,13582290.193009442,291844005.2315601,13582290.193009442,291844005.2315601,305426295.42456955,573.963190190093,579400.8225157908
31,27-06-20,0.0,180322690.12462416,0.0,180322690.12462416,0.0,180322690.12462416,180322690.12462416,1022.0630112350921,941499.8650736602
32,02-07-20,0.0,43726826.43131246,0.0,43726826.43131246,0.0,43726826.43131246,43726826.43131246,2023.049630361331,442290.0759051912
33,03-07-20,57173047.08638254,148037619.90234706,57173047.08638254,148037619.90234706,57173047.08638254,148037619.90234706,205210666.9887296,1128.9810503378822,1060700.4271815051
34,04-07-20,0.0,9710949.89264057,0.0,86932621.41011888,0.0,29132849.677921712,29132849.677921712,416.01129683003734,458995.68058586406
35,05-07-20,127292665.1167499,0.0,127292665.1167499,0.0,127292665.1167499,0.0,127292665.1167499,1153.5226978425305,1256575.3089650178
36,06-07-20,0.0,43900829.42944176,0.0,43900829.42944176,0.0,43900829.42944176,43900829.42944176,1871.9161570830609,733489.1042744741
37,07-07-20,0.0,21980092.267661575,0.0,21980092.267661575,0.0,21980092.267661575,21980092.267661575,1173.4784076830147,203003.00434158824
38,08-07-20,0.0,84894147.00879455,0.0,84894147.00879455,0.0,84894147.00879455,84894147.00879455,869.6602612399888,7335688.392037735
39,09-07-20,685518612.0030552,0.0,685518612.0030552,0.0,685518612.0030552,0.0,685518612.0030552,782.4323067888644,4573937.2663667
40,10-07-20,0.0,88037127.33318783,0.0,88037127.33318783,0.0,88037127.33318783,88037127.33318783,870.6956285264043,959023.4018445982
41,11-07-20,0.0,205854121.6704756,0.0,205854121.6704756,0.0,205854121.6704756,205854121.6704756,2538.196920934486,1590200.9229607943
42,13-07-20,0.0,125805767.03447033,0.0,251611534.06894067,0.0,251611534.06894067,251611534.06894067,749.3405077643226,647867.7158067148
43,15-07-20,0.0,14755939.217461767,0.0,14755939.217461767,0.0,14755939.217461767,14755939.217461767,1359.483224559267,882.1182252174947
44,16-07-20,0.0,17404300.549477473,0.0,70399960.52328645,0.0,34808601.098954946,34808601.098954946,1481.2806091803782,1115369.6284832105
45,17-07-20,0.0,277619467.2983633,0.0,277619467.2983633,0.0,277619467.2983633,277619467.2983633,1574.0190917829011,1774761.140566099
46,18-07-20,0.0,126060423.75798093,0.0,2425892213.1991014,0.0,378181271.27394277,378181271.27394277,579.7588603902093,2447143.398450853
47,19-07-20,406344941.2743166,0.0,406344941.2743166,0.0,406344941.2743166,0.0,406344941.2743166,1014.1258552347011,1463458.5798855594
48,20-07-20,0.0,36252384.352382526,0.0,36252384.352382526,0.0,36252384.352382526,36252384.352382526,1147.128975500234,1454211.8838804981
49,21-07-20,22668394.83160484,0.0,22668394.83160484,0.0,22668394.83160484,0.0,22668394.83160484,1815.3229253451111,786853.9727795591
50,22-07-20,0.0,16524981.575210024,0.0,16524981.575210024,0.0,16524981.575210024,16524981.575210024,288.1090908033623,255165.24394113486
51,25-07-20,0.0,79600325.82659069,0.0,79600325.82659069,0.0,79600325.82659069,79600325.82659069,568.4745454515175,598056.48814287
52,26-07-20,69632294.30570723,42540488.84343138,69632294.30570723,42540488.84343138,69632294.30570723,42540488.84343138,112172783.14913861,656.4965340139136,574957.399653436
53,27-07-20,0.0,24659456.240035255,0.0,155319273.69063467,0.0,49318912.48007051,49318912.48007051,283.07939423958993,78188.73241565893
54,28-07-20,0.0,8925733.602949208,0.0,3901584974.487629,0.0,17851467.205898415,17851467.205898415,779.2287632205511,70957.4712623726
55,30-07-20,0.0,12208267.70841724,0.0,41945995.21857141,0.0,24416535.41683448,24416535.41683448,1623.776167723468,287798.38716219936
56,31-07-20,93442623.38476948,0.0,93442623.38476948,0.0,93442623.38476948,0.0,93442623.38476948,379.8142961667034,925258.1695217632
57,01-08-20,0.0,3445443997.306348,0.0,6890887994.612696,0.0,6890887994.612696,6890887994.612696,972.6430479516739,3769836.4939773413
58,03-08-20,97603370.28997262,2833961.4558956022,97603370.28997262,301470994.8703743,97603370.28997262,19837730.191269215,117441100.48124184,404.9073814713759,1058434.5899501622
59,04-08-20,0.0,114607263.33282797,0.0,343821789.9984839,0.0,343821789.9984839,343821789.9984839,503.0886904346916,440084.07141054847
60,05-08-20,0.0,20297396.828077417,0.0,53336973.89939224,0.0,40594793.656154834,40594793.656154834,378.15141974042695,326150.3948125306
61,06-08-20,48717904.491491236,10084457.305786705,48717904.491491236,44721303.162422806,48717904.491491236,30253371.917360112,78971276.40885136,464.5314669471131,319553.8053187784
62,07-08-20,0.0,4913205.978803702,0.0,274353757.6947932,0.0,34392441.85162591,34392441.85162591,0.5944631454316672,559075.9027018116
63,08-08-20,0.0,4804917.888060349,0.0,154027780.9811081,0.0,14414753.664181048,14414753.664181048,1773.3576986620003,1292095.1221613793
64,09-08-20,0.0,16718077.702355802,0.0,33436155.404711604,0.0,33436155.404711604,33436155.404711604,1602.847397464564,864350.6417292713
65,10-08-20,84735420.12039511,0.0,145574166.67771798,0.0,169470840.24079022,0.0,169470840.24079022,957.1256191765848,782842.9721668173
66,11-08-20,0.0,61788634.1303353,0.0,123577268.2606706,0.0,123577268.2606706,123577268.2606706,1096.772970796986,923823.1009665317
67,12-08-20,83119792.27769326,9139818.6674764,83119792.27769326,132168470.93104497,83119792.27769326,18279637.3349528,101399429.61264606,328.1100014190689,111826.94682053661
68,13-08-20,27821963.72845094,22527225.68951891,27821963.72845094,45054451.37903782,27821963.72845094,45054451.37903782,72876415.10748875,376.6032479446136,507621.0814178527
69,14-08-20,771873711.3435844,21733801.62403912,771873711.3435844,43467603.24807824,771873711.3435844,43467603.24807824,815341314.5916626,839.3749059725158,2657233.934653519
70,15-08-20,250383836.22963515,0.0,250383836.22963515,0.0,250383836.22963515,0.0,250383836.22963515,636.8564935491531,1404017.470074354
71,16-08-20,70705833.01194268,8923880.559989203,70705833.01194268,185939694.97200555,70705833.01194268,17847761.119978406,88553594.13192108,1514.0119251081035,1264636.9031599283
72,17-08-20,32777410.291841414,20030345.507330686,32777410.291841414,170151472.06964487,32777410.291841414,60091036.52199206,92868446.81383348,304.1026174253692,140686.36507905216
73,18-08-20,28466641.231719423,52047358.507683545,28466641.231719423,156142075.52305064,28466641.231719423,156142075.52305064,184608716.75477007,913.698199732317,636669.620786747
74,19-08-20,0.0,6471306.804577283,0.0,205758119.77452618,0.0,32356534.022886414,32356534.022886414,823.9863146171027,788828.9211690582
75,20-08-20,0.0,85042545.83795035,0.0,425212729.18975174,0.0,425212729.18975174,425212729.18975174,200.22394669430784,3121387.90918913
76,21-08-20,0.0,21153952.97534381,0.0,21153952.97534381,0.0,21153952.97534381,21153952.97534381,449.9094151863789,1222.0769478771617
77,22-08-20,0.0,22467661.548564434,0.0,22467661.548564434,0.0,22467661.548564434,22467661.548564434,703.3734905188942,57257.99742215498
78,23-08-20,0.0,7595451.811699567,0.0,63584444.83867326,0.0,15190903.623399135,15190903.623399135,1001.4251137303962,1132450.7155770233
79,24-08-20,0.0,219091344.21191657,0.0,657274032.6357497,0.0,657274032.6357497,657274032.6357497,365.4663924936231,176671.44038832388
80,25-08-20,0.0,22542663.67782718,0.0,67627991.03348154,0.0,67627991.03348154,67627991.03348154,998.2770604040919,370634.7376609147
81,26-08-20,189133359.80237058,8925317.382146297,340468635.5394728,1520917957.5286834,567400079.4071118,17850634.764292594,585250714.1714044,1330.5335470459681,2338710.137708728
82,27-08-20,102041714.37742843,18909432.799829498,102041714.37742843,18909432.799829498,102041714.37742843,18909432.799829498,120951147.17725793,1684.0836465814018,3319896.0753149814
83,28-08-20,0.0,22459548.14159529,0.0,272104545.37740684,0.0,44919096.28319058,44919096.28319058,685.9621371536186,2227300.940203436
84,31-08-20,0.0,15699993.616492124,0.0,47099980.849476375,0.0,47099980.849476375,47099980.849476375,408.17402314258214,421661.3360762393
85,01-09-20,32357976.269564122,185335911.2293963,48384721.58712805,185335911.2293963,64715952.539128244,185335911.2293963,250051863.76852456,1086.7956263914193,580140.6479341533
86,02-09-20,179544118.28665617,7570543.562402239,203947686.66687784,451389962.85530806,359088236.57331234,75705435.6240224,434793672.19733477,696.1215472946865,942543.0666714124
87,03-09-20,15775486.460658807,9579123.68681019,15775486.460658807,63083659.462649524,15775486.460658807,38316494.74724076,54091981.20789957,466.6936288630993,411474.72974680207
88,04-09-20,0.0,6140621.237779998,0.0,1249566844.1608403,0.0,30703106.18889999,30703106.18889999,3190.398520901633,1993770.9863831103
89,05-09-20,0.0,5379509.95381988,0.0,112954035.60986021,0.0,16138529.86145964,16138529.86145964,301.1880322443714,234493.14241479582
90,06-09-20,0.0,14231875.434627438,0.0,51528443.69620665,0.0,28463750.869254876,28463750.869254876,468.92754396917456,913657.1682770895
91,08-09-20,174999002.23860368,17724185.65899147,314116526.1836326,300780660.54886556,349998004.47720736,70896742.63596588,420894747.11317325,1926.747583136405,2340549.546362607
92,09-09-20,0.0,26595050.780150637,0.0,81769904.1576529,0.0,53190101.560301274,53190101.560301274,348.87511809951314,353671.45770411997
93,10-09-20,94533651.0194116,10421197.62320561,94533651.0194116,676066855.0183331,94533651.0194116,20842395.24641122,115376046.26582281,353.8583338753497,1012658.2848033253
94,11-09-20,13432886.552719219,23146301.033849854,13432886.552719219,1056888180.9035417,13432886.552719219,92585204.13539942,106018090.68811864,154.02466925650404,9065055.68974486
95,12-09-20,0.0,213503546.00070876,0.0,427007092.0014175,0.0,427007092.0014175,427007092.0014175,1355.0169004370482,3536908.8564658137
96,13-09-20,0.0,7939412.146816799,0.0,198364510.87058756,0.0,31757648.587267198,31757648.587267198,1137.8975920538833,1867325.1673797474
97,14-09-20,99334765.57608023,80271369.5372314,99334765.57608023,80271369.5372314,99334765.57608023,80271369.5372314,179606135.11331165,1327.291797722338,605006.0577319608
98,15-09-20,0.0,49266811.151195996,0.0,147800433.45358798,0.0,147800433.45358798,147800433.45358798,1704.6328057730461,1365746.7650962458
99,16-09-20,19954144.15873411,0.0,19954144.15873411,0.0,19954144.15873411,0.0,19954144.15873411,236.3550800515046,253636.17234253077
100,17-09-20,0.0,30062925.332985666,0.0,6612306895.0260725,0.0,90188775.998957,90188775.998957,884.5806012406734,34737266.98609572
101,18-09-20,0.0,8521747.438952455,0.0,168294240.89435437,0.0,25565242.316857368,25565242.316857368,801.5499585661391,1421497.263565846
102,19-09-20,32933200.335702606,213938872.04247946,32933200.335702606,855755488.1699178,32933200.335702606,855755488.1699178,888688688.5056205,279.91833131541455,709035.0670353968
103,20-09-20,0.0,4339655.405954478,0.0,58250129.29102987,0.0,17358621.623817913,17358621.623817913,862.2060933328081,831044.6035659066
104,21-09-20,37782663.83085105,5633294.087131693,37782663.83085105,96745862.63974184,37782663.83085105,22533176.348526772,60315840.179377824,1920.935254048601,9809287.465972817
105,22-09-20,0.0,4422443.256842485,0.0,822157195.5784749,0.0,17689773.02736994,17689773.02736994,2257.7766829766633,1294740.1637477286
106,23-09-20,0.0,19357106.96785439,0.0,19357106.96785439,0.0,19357106.96785439,19357106.96785439,1513.2221944398937,2335937.665438498
107,24-09-20,62452623.70248045,2965691.557608943,62452623.70248045,258081309.9021293,62452623.70248045,20759840.9032626,83212464.60574305,1283.2421477023083,736226.2254233427
108,25-09-20,26660510.308197185,14289309.512042478,26660510.308197185,238213711.79278478,26660510.308197185,42867928.53612743,69528438.84432462,519.9500690930109,984517.9308421324
109,26-09-20,0.0,30869572.596730433,0.0,30869572.596730433,0.0,30869572.596730433,30869572.596730433,1293.3293910032864,210299.11658467486
110,27-09-20,0.0,118440952.19758087,0.0,355322856.5927426,0.0,355322856.5927426,355322856.5927426,1497.4874126890531,5915807.490831367
111,28-09-20,141965426.4513215,10561804.152193995,141965426.4513215,165265362.95967263,141965426.4513215,42247216.60877598,184212643.0600975,1732.808589542271,972028.4121472638
112,29-09-20,0.0,330073377.98004305,0.0,990220133.9401292,0.0,990220133.9401292,990220133.9401292,959.6228509840691,4216908.175091926
113,01-10-20,46223207.41640793,146736234.12879157,46223207.41640793,146736234.12879157,46223207.41640793,146736234.12879157,192959441.5451995,971.4068430360438,1187818.4679579646
114,02-10-20,74949564.78662193,53326698.63550124,74949564.78662193,106653397.27100249,74949564.78662193,106653397.27100249,181602962.0576244,341.9504971238643,10762557.956392132
115,03-10-20,0.0,6580254.031369525,0.0,1416941061.242368,0.0,13160508.06273905,13160508.06273905,1199.7686427558726,15207374.233312337
116,04-10-20,0.0,2759855.2402040935,0.0,149779626.21598142,0.0,13799276.201020468,13799276.201020468,409.2430007212435,1006139.1067660004
117,06-10-20,0.0,15183590.116899904,0.0,112988614.25401711,0.0,60734360.467599615,60734360.467599615,333.7507216479041,1098866.426503369
118,07-10-20,0.0,33973521.7016324,0.0,33973521.7016324,0.0,33973521.7016324,33973521.7016324,1036.2352234135594,783941.5446161377
119,08-10-20,0.0,374238166.56524044,0.0,374238166.56524044,0.0,374238166.56524044,374238166.56524044,1245.9486371331282,1924126.9878909849
120,09-10-20,125877969.2550081,34869519.97775854,125877969.2550081,104608559.93327563,125877969.2550081,104608559.93327563,230486529.18828374,1160.4778667939997,374879.30819507665
121,10-10-20,0.0,2256412.584430384,0.0,241958326.55755523,0.0,13538475.506582305,13538475.506582305,0.8923485587292158,1443370.0151309064
122,11-10-20,0.0,10167467.1181199,0.0,30028957.12435542,0.0,20334934.2362398,20334934.2362398,0.874005249194403,672351.4746579351
123,12-10-20,0.0,59140431.609926976,0.0,118280863.21985395,0.0,118280863.21985395,118280863.21985395,366.3759529750553,113057.23982220032
124,13-10-20,23051429.42437487,31973887.3968895,23051429.42437487,168279040.5079025,23051429.42437487,159869436.9844475,182920866.4088224,2236.3955633991304,1559599.3495575117
125,14-10-20,79482279.1595149,4498566.269418602,79482279.1595149,105034109.4504655,79482279.1595149,17994265.077674408,97476544.23718931,1390.1459186103068,587064.9055673515
126,15-10-20,16970784.610788886,16496341.816081058,16970784.610788886,108525083.43417604,16970784.610788886,65985367.26432423,82956151.87511311,1051.5674213604934,751358.8410658562
127,16-10-20,231102884.52716544,48286616.84624434,320080441.6391002,48286616.84624434,462205769.0543309,48286616.84624434,510492385.9005752,1912.0296887084733,16942364.30292814
128,17-10-20,120757357.62368281,0.0,197850882.87064952,0.0,241514715.24736562,0.0,241514715.24736562,1833.477614784767,518334.19165739923
129,19-10-20,23250503.0994265,10346295.549634172,23250503.0994265,238778980.86179814,23250503.0994265,31038886.648902517,54289389.74832901,333.5756530528413,880734.8833426207
130,20-10-20,258793319.68711698,8630322.675936915,258793319.68711698,436809380.8459648,258793319.68711698,25890968.027810745,284684287.71492773,1543.2656820714062,3096194.701989487
131,21-10-20,103819552.33519971,29134078.341036867,183027681.43694785,29134078.341036867,207639104.67039943,29134078.341036867,236773183.01143628,732.633547812915,1162687.983392972
132,23-10-20,0.0,4265540.49835613,0.0,301723657.7537772,0.0,17062161.99342452,17062161.99342452,1329.8358564686964,1405985.2160177117
133,25-10-20,0.0,7611905.473559317,0.0,38770382.12056022,0.0,22835716.420677952,22835716.420677952,1004.4641410100849,583395.154277369
134,26-10-20,36419489.68337738,201477445.7674188,36419489.68337738,402954891.5348376,36419489.68337738,402954891.5348376,439374381.218215,1743.8938233425235,11211060.57443712
135,27-10-20,0.0,94448646.17865174,0.0,94448646.17865174,0.0,94448646.17865174,94448646.17865174,1549.4469454563846,3606640.0686280066
136,28-10-20,0.0,12704922.695702547,0.0,859861311.4849355,0.0,38114768.08710764,38114768.08710764,1284.538549591376,1275869.7392111293
137,29-10-20,29312885.5641282,31368700.053791303,52893229.95573176,62737400.10758261,87938656.6923846,62737400.10758261,150676056.7999672,371.46012465204694,1136034.3927805761
138,30-10-20,0.0,243630538.6444688,0.0,487261077.2889376,0.0,487261077.2889376,487261077.2889376,1451.2258480513065,6129622.1388082905
139,31-10-20,13628260.199195184,31113205.817394115,13628260.199195184,31113205.817394115,13628260.199195184,31113205.817394115,44741466.0165893,1107.146194942353,466935.1488298791
140,01-11-20,0.0,10121766.4984443,0.0,66885774.02828724,0.0,20243532.9968886,20243532.9968886,1196.741822733863,318844.8246470758
141,02-11-20,316300760.8203375,4808245.464207804,818241582.7673218,80424849.8478346,948902282.4610125,19232981.856831215,968135264.3178437,1668.6602313983108,1447277.5924161845
142,03-11-20,0.0,73748019.41311073,0.0,73748019.41311073,0.0,73748019.41311073,73748019.41311073,1394.810435935525,3332682.6765883323
143,04-11-20,100325618.4071484,17454488.19044012,100325618.4071484,17454488.19044012,100325618.4071484,17454488.19044012,117780106.59758852,1065.1600354978834,1010369.7590831141
144,06-11-20,0.0,148832661.27726611,0.0,297665322.55453223,0.0,297665322.55453223,297665322.55453223,1512.6932377022713,2981462.641419006
145,08-11-20,0.0,13170033.718611794,0.0,35106626.02408645,0.0,26340067.437223587,26340067.437223587,0.9763341414262315,704154.7043592954
146,09-11-20,0.0,4752603.81777554,0.0,22089086.273318186,0.0,14257811.45332662,14257811.45332662,423.821349245298,563790.7151869365
147,10-11-20,28260493.44136492,0.0,28260493.44136492,0.0,28260493.44136492,0.0,28260493.44136492,607.9070759199344,325863.6611025942
148,11-11-20,0.0,50470796.71130333,0.0,201883186.84521332,0.0,201883186.84521332,201883186.84521332,5.319031266106485,2915274.9778635483
149,12-11-20,0.0,41022228.679009095,0.0,41022228.679009095,0.0,41022228.679009095,41022228.679009095,1.3712249690126994,47513.27170238065
150,13-11-20,67249462.73730993,80145158.30960451,67249462.73730993,240435474.92881355,67249462.73730993,240435474.92881355,307684937.6661235,697.2469919389138,1659710.5122415225
151,14-11-20,0.0,9798114.136883778,0.0,22742312.393197145,0.0,19596228.273767557,19596228.273767557,1929.8952583770076,282465.9069806772
152,15-11-20,0.0,31041972.948388875,0.0,534448757.00611895,0.0,93125918.84516662,93125918.84516662,1728.2194959205008,1970962.3334677925
153,16-11-20,0.0,6841785.824625461,0.0,16130863.412016042,0.0,13683571.649250923,13683571.649250923,495.57598974241176,897330.3626311937
154,17-11-20,0.0,11765657.727339488,0.0,30892227.617039625,0.0,23531315.454678975,23531315.454678975,1001.8639194266319,641706.4202442993
155,18-11-20,36218406.11435669,0.0,36218406.11435669,0.0,36218406.11435669,0.0,36218406.11435669,1073.0152745062187,3566168.730454764
156,19-11-20,17426323.285199244,15760574.885105515,20313108.451558877,115716040.0741753,34852646.57039849,63042299.54042206,97894946.11082055,768.8929659196406,1027055.8996400638
157,20-11-20,45179258.88300108,3761529.1940870425,45179258.88300108,436784355.98410434,45179258.88300108,18807645.970435213,63986904.85343629,1706.1982044033637,1555295.8641572427
158,21-11-20,0.0,37130781.398408286,0.0,111392344.19522487,0.0,111392344.19522487,111392344.19522487,1499.0725676763998,2367583.6709223837
159,22-11-20,18270048.77272207,102415564.23946698,18270048.77272207,102415564.23946698,18270048.77272207,102415564.23946698,120685613.01218905,601.0719318330026,1171371.5136691113
160,23-11-20,0.0,5943410.662295729,0.0,163736866.13738638,0.0,17830231.986887187,17830231.986887187,1432.6898769335553,1245368.116650154
161,24-11-20,0.0,22327294.68434329,0.0,44654589.36868658,0.0,44654589.36868658,44654589.36868658,901.6142178175622,900672.3849561203
162,25-11-20,62760878.66494499,154096209.21504354,93895485.09548886,308192418.4300871,125521757.32988998,308192418.4300871,433714175.7599771,1713.6000626923922,1339992.8688717096
163,26-11-20,90863975.67445709,7654037.819856909,90863975.67445709,657823135.3355174,90863975.67445709,22962113.45957073,113826089.13402781,882.8866503468533,1851274.6296732076
164,27-11-20,0.0,6138438.454208573,0.0,89718285.38456953,0.0,24553753.816834293,24553753.816834293,561.3857785056806,1864033.6113996622
165,28-11-20,0.0,31815189.029296722,0.0,31815189.029296722,0.0,31815189.029296722,31815189.029296722,628.6247533550227,0.006353099801019153
166,30-11-20,24807727.933870915,9948297.934772972,24807727.933870915,779882203.668277,24807727.933870915,49741489.673864864,74549217.60773578,439.72969660355704,2208411.4256839473
167,01-12-20,0.0,29175680.13780665,0.0,473835871.15757906,0.0,87527040.41341995,87527040.41341995,1769.5638246761773,2797029.549032574
168,02-12-20,143207645.90549517,136695206.22453913,143207645.90549517,410085618.6736174,143207645.90549517,410085618.6736174,553293264.5791125,1828.7631328402736,1288510.8829132705
169,03-12-20,17406314.984567348,9990612.853650916,18022553.158695336,496371793.7408204,34812629.969134696,19981225.707301833,54793855.67643653,557.1341973983664,1563196.7742590774
170,04-12-20,0.0,335008019.16302884,0.0,335008019.16302884,0.0,335008019.16302884,335008019.16302884,1816.5990133089526,2385051.0128678167
171,06-12-20,68142564.23539926,16523922.062974727,115001769.64515662,104174977.64261265,136285128.47079852,49571766.18892418,185856894.6597227,1737.5092149027546,1820518.8454524085
172,07-12-20,0.0,137213109.5065273,0.0,137213109.5065273,0.0,137213109.5065273,137213109.5065273,0.9994983585863487,61105494.04515883
173,08-12-20,35867581.50134842,0.0,50663198.44735646,0.0,71735163.00269684,0.0,71735163.00269684,1966.9552700561333,3004450.0286641163
174,09-12-20,512114173.26942927,9712653.975022415,512114173.26942927,98704925.52484524,512114173.26942927,19425307.95004483,531539481.2194741,1572.8547126448846,1007502.045743127
175,10-12-20,47371865.44211738,11951267.674942123,48641230.68462296,117910062.79753263,94743730.88423476,23902535.349884246,118646266.234119,558.1993301369147,1760478.3787222973
176,11-12-20,140302657.7991436,17415187.64398742,267047855.23355395,17415187.64398742,280605315.5982872,17415187.64398742,298020503.24227464,1479.4650639684533,712215.8163512708
177,12-12-20,19071740.139057375,32186456.378668573,19071740.139057375,32186456.378668573,19071740.139057375,32186456.378668573,51258196.517725945,1576.7012554504554,351958.8310994035
178,13-12-20,104950679.23734945,41489101.168944664,104950679.23734945,82978202.33788933,104950679.23734945,82978202.33788933,187928881.57523876,1262.0076861015193,1986887.637084481
179,14-12-20,214106006.46676627,0.0,214106006.46676627,0.0,214106006.46676627,0.0,214106006.46676627,1564.5110492997899,4468278.108498694
180,15-12-20,0.0,16572913.254458675,0.0,49718739.76337603,0.0,49718739.76337603,49718739.76337603,0.999650558797135,834236.3181735162
181,16-12-20,15608702.972388314,40456227.92205331,15608702.972388314,576319748.6942536,15608702.972388314,161824911.68821323,177433614.66060156,653.8545056131496,23860385.703273587
182,17-12-20,454687467.6492136,97298561.12332566,454687467.6492136,389194244.49330264,454687467.6492136,389194244.49330264,843881712.1425163,1151.4535055094773,1695137.2860327507
183,18-12-20,30197108.390399504,14006221.142940292,39249628.90086656,162082955.20608148,60394216.78079901,42018663.42882088,102412880.20961988,1006.0708773411639,1607122.9676436556
184,19-12-20,0.0,404378806.83034056,0.0,404378806.83034056,0.0,404378806.83034056,404378806.83034056,1990.3643649249912,14808923.3150201
185,20-12-20,0.0,98669279.1928212,0.0,197338558.3856424,0.0,197338558.3856424,197338558.3856424,878.5204148145231,302815.1277135213
186,21-12-20,159045592.56485263,198624602.68782133,213275227.35920244,397249205.37564266,318091185.12970525,397249205.37564266,715340390.505348,1367.6028737695021,5986427.920924147
187,22-12-20,0.0,127495837.83258174,0.0,509983351.330327,0.0,509983351.330327,509983351.330327,0.9806217148619738,63753085.73148626
188,23-12-20,43432312.6047458,17988039.155471597,52824564.766711794,54795373.940387286,86864625.2094916,53964117.46641479,140828742.6759064,2215.7621447401357,695552.0737490089
189,24-12-20,0.0,25071563.596968893,0.0,25071563.596968893,0.0,25071563.596968893,25071563.596968893,2090.098823228599,9446185.48796505
190,25-12-20,0.0,530007100.6496294,0.0,530007100.6496294,0.0,530007100.6496294,530007100.6496294,1346.7724639797332,1900053.1701604826
191,26-12-20,17402654.07546114,0.0,17402654.07546114,0.0,17402654.07546114,0.0,17402654.07546114,1604.942376845747,244505.8733781189
192,27-12-20,0.0,163408884.41819593,0.0,163408884.41819593,0.0,163408884.41819593,163408884.41819593,1225.9698907639604,3461155.926356888
193,28-12-20,40693835.890204065,74037069.61896025,40693835.890204065,148074139.2379205,40693835.890204065,148074139.2379205,188767975.12812456,1080.6584978202482,272478.5731908769
194,29-12-20,222687851.49752656,16672782.198676312,222687851.49752656,71806989.1353715,222687851.49752656,66691128.79470525,289378980.2922318,1809.9923787433538,612717.942132801
195,30-12-20,187687809.4069742,0.0,187687809.4069742,0.0,187687809.4069742,0.0,187687809.4069742,1447.3061141481087,1327446.9153802353
196,31-12-20,417620458.5405376,15541726.215598738,417620458.5405376,15541726.215598738,417620458.5405376,15541726.215598738,433162184.75613636,1799.2966443491007,366810.15767486405
197,01-01-21,0.0,467579425.6092152,0.0,467579425.6092152,0.0,467579425.6092152,467579425.6092152,1726.8215665234156,5151322.411453524
198,05-01-21,0.0,9191528.70402635,0.0,325487309.4708256,0.0,27574586.112079054,27574586.112079054,1.5468430891363654,2383344.5505305845
199,06-01-21,0.0,50494972.468259625,0.0,100989944.93651925,0.0,100989944.93651925,100989944.93651925,1194.6686246085224,270437.528200474
200,07-01-21,241404645.6108433,9719547.800203755,241404645.6108433,116474170.87132134,241404645.6108433,29158643.400611266,270563289.0114546,2019.1322072537994,1752728.4441859098
201,08-01-21,0.0,41326751.50022493,0.0,41326751.50022493,0.0,41326751.50022493,41326751.50022493,1429.1115319561554,697355.9849239532
202,09-01-21,0.0,134003229.6950128,0.0,268006459.3900256,0.0,268006459.3900256,268006459.3900256,1714.9992684438278,2327273.7660240894
203,10-01-21,0.0,17474519.46244093,0.0,17474519.46244093,0.0,17474519.46244093,17474519.46244093,1401.8387534355445,1095021.7392008305
204,11-01-21,0.0,9486960.318190143,0.0,28460880.954570428,0.0,28460880.954570428,28460880.954570428,0.17172381468318584,314522.4054893555
205,12-01-21,0.0,32601345.472040705,0.0,89356146.10091503,0.0,65202690.94408141,65202690.94408141,1488.5292036079986,672591.6760808772
206,13-01-21,157762417.06276903,0.0,157762417.06276903,0.0,157762417.06276903,0.0,157762417.06276903,1573.8244601137383,4661015.746652375
207,14-01-21,0.0,9406683.14489895,0.0,100978113.54697075,0.0,28220049.434696846,28220049.434696846,1799.5700432142,1510240.1559056751
208,15-01-21,0.0,3103538.270275852,0.0,290491481.8828001,0.0,21724767.891930964,21724767.891930964,2271.665948748331,3060108.122993358
209,16-01-21,0.0,5069748.075688547,0.0,24003021.50112825,0.0,15209244.227065641,15209244.227065641,1313.3487649833987,108404.16365589149
210,17-01-21,0.0,31866618.553555,0.0,31866618.553555,0.0,31866618.553555,31866618.553555,1620.5990384354627,1019779.74104885
211,19-01-21,0.0,25646064.70073149,0.0,206492103.61250743,0.0,51292129.40146298,51292129.40146298,2291.0916468454207,4838888.9366311515
212,20-01-21,0.0,32844967.700673487,0.0,98534903.10202046,0.0,98534903.10202046,98534903.10202046,1354.554821023958,413556.5756255449
213,21-01-21,0.0,63129404.115190364,0.0,156165174.59997076,0.0,126258808.23038073,126258808.23038073,1637.0019007150338,1673091.0857039068
214,22-01-21,0.0,20886073.77296442,0.0,86908094.2564743,0.0,83544295.09185769,83544295.09185769,1299.0123185972013,528834.2570612787
215,23-01-21,0.0,8122368.007031475,0.0,146451127.98713723,0.0,24367104.021094427,24367104.021094427,1872.7427571507378,3051194.1340848636
216,24-01-21,253924442.85720056,0.0,253924442.85720056,0.0,253924442.85720056,0.0,253924442.85720056,1797.2006222454015,345708.3287211075
217,25-01-21,0.0,400601181.2371743,0.0,400601181.2371743,0.0,400601181.2371743,400601181.2371743,1562.4957215611403,431.45541053093405
218,26-01-21,0.0,13951259.249065291,0.0,27902518.498130582,0.0,27902518.498130582,27902518.498130582,1512.1783785691694,439204.85358489107
219,27-01-21,0.0,34528898.13770087,0.0,174753997.04393575,0.0,69057796.27540174,69057796.27540174,1684.2694910237662,6785.969449062894
220,28-01-21,0.0,23473646.52545571,0.0,23473646.52545571,0.0,23473646.52545571,23473646.52545571,1262.776802076623,25603.11977527258
221,29-01-21,0.0,51285807.83315577,0.0,51285807.83315577,0.0,51285807.83315577,51285807.83315577,1654.4413102272438,1642461.839586352
222,30-01-21,0.0,215621488.3068989,0.0,215621488.3068989,0.0,215621488.3068989,215621488.3068989,1719.443362309363,3761473.472708481
223,31-01-21,75039754.64509927,8623896.345106734,75039754.64509927,18871866.75479045,75039754.64509927,17247792.690213468,92287547.33531274,2177.381959340766,3625452.6284420285
224,01-02-21,0.0,5846535.507614371,0.0,1256538961.6967287,0.0,29232677.538071856,29232677.538071856,2994.8936933773557,2398883.532565662
225,02-02-21,0.0,24420544.90662691,0.0,74164382.5400424,0.0,73261634.71988073,73261634.71988073,1579.0502182688433,720936.3150083236
226,03-02-21,69717951.21257073,57955125.53268595,85011779.37417059,57955125.53268595,209153853.63771218,57955125.53268595,267108979.17039812,2410.8470698109327,271151.55622786155
227,04-02-21,77891609.43503684,13029180.679817757,77891609.43503684,13029180.679817757,77891609.43503684,13029180.679817757,90920790.11485459,1692.1432541370666,179665.04368861936
228,05-02-21,0.0,309627657.5894213,0.0,309627657.5894213,0.0,309627657.5894213,309627657.5894213,1795.303651657076,2509074.123678723
229,06-02-21,33277097.76309215,20163787.850009844,33277097.76309215,127138785.07179174,33277097.76309215,120982727.10005906,154259824.86315122,1815.5872160327467,470852.0057446892
230,07-02-21,217268484.77361956,41832066.28127564,347750364.98784876,41832066.28127564,434536969.5472391,41832066.28127564,476369035.82851475,1756.4423305212486,959808.8549579134
231,08-02-21,0.0,88901910.77029324,0.0,266705732.3108797,0.0,266705732.3108797,266705732.3108797,2247.2032055392824,1514420.52981019
232,09-02-21,392684880.9050312,21261006.925849006,392684880.9050312,378708014.32091737,392684880.9050312,127566041.55509403,520250922.4601252,1924.3403403926898,5370666.163827392
233,10-02-21,0.0,29915987.85938402,0.0,29915987.85938402,0.0,29915987.85938402,29915987.85938402,1985.4629029805665,1161230.6010111403
234,11-02-21,143428557.45647377,4251706.446383612,250327958.45689586,209897359.47839898,286857114.91294754,17006825.78553445,303863940.698482,1785.9776447753175,679284.7806124621
235,12-02-21,103940434.52004187,23839263.357830174,103940434.52004187,23839263.357830174,103940434.52004187,23839263.357830174,127779697.87787205,1782.3726508051632,1083965.5369448678
236,13-02-21,0.0,23470572.12950732,0.0,781272573.942045,0.0,70411716.38852195,70411716.38852195,0.22309621724401354,11878795.843375454
237,15-02-21,0.0,16568881.323958056,0.0,101552254.44480819,0.0,49706643.97187417,49706643.97187417,1859.1913911608124,496203.0265442717
238,16-02-21,228004623.37753743,0.0,228004623.37753743,0.0,228004623.37753743,0.0,228004623.37753743,2083.550210165947,1879545.9435452882
239,17-02-21,0.0,150386534.0139207,0.0,451159602.0417621,0.0,451159602.0417621,451159602.0417621,2257.21513663612,1533679.7273785595
240,18-02-21,0.0,23276900.934336126,0.0,510776339.8562776,0.0,116384504.67168063,116384504.67168063,1946.541305458143,7227564.54022838
241,19-02-21,16789374.022075653,190152034.4184782,16789374.022075653,190152034.4184782,16789374.022075653,190152034.4184782,206941408.44055384,1921.4162883959712,649641.7333856284
242,20-02-21,0.0,72327165.14696705,0.0,72327165.14696705,0.0,72327165.14696705,72327165.14696705,2159.6977803301543,1822883.5467538382
243,21-02-21,0.0,5856741.503515321,0.0,83074527.22659777,0.0,17570224.51054596,17570224.51054596,2046.6871770384485,1036891.6281680325
244,22-02-21,921749302.4723246,276736055.19063944,921749302.4723246,276736055.19063944,921749302.4723246,276736055.19063944,1198485357.662964,1851.5559804988538,5536722.537158478
245,23-02-21,0.0,25333806.61072221,0.0,76001419.83216663,0.0,76001419.83216663,76001419.83216663,1844.4200088473235,148359.49657934616
246,24-02-21,123594891.08255132,9113586.71435686,248961942.32284135,113977055.51451932,370784673.24765396,36454346.85742744,407239020.1050814,1376.1801405586293,704388.1037200243
247,25-02-21,0.0,175637525.65398026,0.0,175637525.65398026,0.0,175637525.65398026,175637525.65398026,2157.482917133562,2223603.4127351046
248,26-02-21,0.0,42930498.90365181,0.0,128791496.71095544,0.0,128791496.71095544,128791496.71095544,0.9998789663231544,2213202.1551194494
249,27-02-21,0.0,68204747.51408798,0.0,204614242.54226393,0.0,204614242.54226393,204614242.54226393,1664.808393738534,515735.1182752994
250,28-02-21,47433155.70565556,58905479.44259191,47433155.70565556,353432876.6555515,47433155.70565556,353432876.6555515,400866032.36120707,1739.2126289496853,4128819.1641307035
251,01-03-21,17900917.658079945,7447598.868114587,17900917.658079945,52112544.46568912,17900917.658079945,14895197.736229174,32796115.39430912,2537.641962500702,1001336.3425247363
252,02-03-21,100938194.80639972,9537058.407903744,100938194.80639972,173048506.65919465,100938194.80639972,19074116.815807488,120012311.62220721,1945.2504112909453,743137.0974699571
253,03-03-21,50007921.050041616,76604335.46357343,56870393.12845273,76604335.46357343,100015842.10008323,76604335.46357343,176620177.56365666,1881.8092441265746,1345328.039504822
254,04-03-21,787342650.9743382,83034690.89787653,787342650.9743382,166069381.79575306,787342650.9743382,166069381.79575306,953412032.7700913,1807.3503179714126,1428850.1258051032
255,05-03-21,0.0,73678487.14475828,0.0,294713948.57903314,0.0,294713948.57903314,294713948.57903314,1724.1574361465043,783671.7493149836
256,06-03-21,108311181.9814184,47126008.55260468,108311181.9814184,47126008.55260468,108311181.9814184,47126008.55260468,155437190.53402308,1867.624887923336,1988990.554793559
257,08-03-21,0.0,990508709.6966119,0.0,990508709.6966119,0.0,990508709.6966119,990508709.6966119,1995.7343502999986,6713262.207552756
258,09-03-21,0.0,83904546.46082932,0.0,83904546.46082932,0.0,83904546.46082932,83904546.46082932,1976.8566982817927,448418.78709228366
259,10-03-21,68597736.88615106,73400284.4214151,68597736.88615106,563168357.0403037,68597736.88615106,220200853.2642453,288798590.15039635,2157.271388938768,1171776.905105976
260,11-03-21,31576848.768118802,21283273.821257655,31576848.768118802,21283273.821257655,31576848.768118802,21283273.821257655,52860122.58937646,1967.9633061279283,794652.1740576291
261,12-03-21,0.0,23926028.165190753,0.0,23926028.165190753,0.0,23926028.165190753,23926028.165190753,0.9940905288711358,7423166.848919499
262,13-03-21,0.0,34807992.76680944,0.0,69615985.53361888,0.0,69615985.53361888,69615985.53361888,4.13382320202023,1458063.127394887
263,15-03-21,343311853.96810997,9359462.278292963,343311853.96810997,410259095.6186375,343311853.96810997,28078386.83487889,371390240.8029889,2389.6307893167364,3161993.1251591807
264,16-03-21,0.0,7121520.191801849,0.0,143388286.0042237,0.0,28486080.767207395,28486080.767207395,1864.412926661607,736973.6738480213
265,17-03-21,45829117.02408376,47282475.17912575,64834331.44706736,347991236.21213585,137487351.0722513,94564950.3582515,232052301.43050277,1852.4280286657008,1773959.9072487764
266,18-03-21,70652501.28760828,18358302.807683762,70652501.28760828,98163935.22606555,70652501.28760828,36716605.615367524,107369106.9029758,1941.3137786300697,3922802.240423459
267,20-03-21,36128068.43086289,21943955.239739336,36128068.43086289,65831865.71921801,36128068.43086289,65831865.71921801,101959934.15008089,2115.983389432274,972610.4290065005
268,21-03-21,0.0,192324935.52495018,0.0,192324935.52495018,0.0,192324935.52495018,192324935.52495018,2045.468960410564,2515214.9440063178
269,22-03-21,0.0,22589131.083838176,0.0,88057735.96464293,0.0,67767393.25151452,67767393.25151452,1907.0410158813593,1476795.1140306194
270,23-03-21,0.0,54705985.05386039,0.0,109411970.10772078,0.0,109411970.10772078,109411970.10772078,1785.6227187797708,196583.38350583176
271,24-03-21,46322873.98061371,25332056.62802404,74604711.04647273,50664113.25604808,92645747.96122742,50664113.25604808,143309861.2172755,2028.8530146521243,726797.1729167467
272,25-03-21,183004922.15441033,8231174.008849593,183004922.15441033,113109033.88566191,183004922.15441033,41155870.04424796,224160792.1986583,1861.8490733387323,2269825.3542582886
273,26-03-21,91738527.81745826,14369728.5115365,171362250.30358237,14369728.5115365,275215583.45237476,14369728.5115365,289585311.96391124,1766.4574454464805,675213.1266678245
274,27-03-21,38157903.04575546,8511218.124514798,38157903.04575546,36520420.208585046,38157903.04575546,34044872.49805919,72202775.54381466,2254.0849255557487,823834.011466067
275,28-03-21,0.0,2111983618.8659124,0.0,6335950856.597737,0.0,6335950856.597737,6335950856.597737,2403.4976083373917,179730965.62125984
276,29-03-21,0.0,312609889.92250234,0.0,625219779.8450047,0.0,625219779.8450047,625219779.8450047,0.9923408412134084,10022019.024995096
277,30-03-21,5515682495.668421,79592535.84760866,10960535614.160025,11029715648.721598,11031364991.336842,159185071.6952173,11190550063.032059,1829.6161637169585,808221.4566808672
278,31-03-21,46634537.98036186,1915473.3309736864,46634537.98036186,11017636252.925217,46634537.98036186,17239259.978763178,63873797.959125035,2081.2554540020365,382379.3631670424
279,01-04-21,13121776.410951875,17732117.366819233,13121776.410951875,73096958.73068236,13121776.410951875,35464234.733638465,48586011.14459034,1763.4728148766162,685105.0704033028
280,02-04-21,0.0,11230895.544373808,0.0,319321932.7956014,0.0,33692686.63312142,33692686.63312142,2191.895179357145,867106.8827266727
281,03-04-21,0.0,21516656.931238048,0.0,46180120.18279667,0.0,43033313.862476096,43033313.862476096,2398.8108199725243,2583425.573923121
282,04-04-21,123463743.18079098,30656771.322653946,233624915.44149438,61313542.64530789,246927486.36158195,61313542.64530789,308241029.0068898,2113.5429357466473,83973.0718195937
283,05-04-21,0.0,4774333.810645626,0.0,700486573.4161035,0.0,23871669.05322813,23871669.05322813,1999.917416717946,486948.07226259576
284,06-04-21,81496233.5451448,14048183.358141309,81496233.5451448,42144550.074423924,81496233.5451448,42144550.074423924,123640783.61956872,2221.7315304469666,1213262.4159344614
285,07-04-21,0.0,16948062.302994028,0.0,50844186.90898208,0.0,50844186.90898208,50844186.90898208,2110.151451307455,1163801.415169646
286,08-04-21,42429090.85213418,7675597.396497013,42429090.85213418,515915726.8257389,42429090.85213418,15351194.792994026,57780285.645128205,2369.9475277928236,16086929.313941775
287,09-04-21,41910955.39311318,4000388.329479205,41910955.39311318,46208625.46807372,41910955.39311318,16001553.31791682,57912508.71103,2160.0567961768493,305842.410648961
288,10-04-21,0.0,15710370.502746299,0.0,132399453.70829794,0.0,47131111.5082389,47131111.5082389,0.17112816042813933,1741588.981449764
289,11-04-21,26670275.310745105,0.0,26670275.310745105,0.0,26670275.310745105,0.0,26670275.310745105,2394.101127861969,440648.2219119542
290,12-04-21,0.0,22475004.770310104,0.0,22475004.770310104,0.0,22475004.770310104,22475004.770310104,2207.50101755907,420864.96723577526
291,13-04-21,115316808.39545278,22815246.067551684,115316808.39545278,45630492.13510337,115316808.39545278,45630492.13510337,160947300.53055614,2437.153904156868,1497607.743364076
292,14-04-21,86902241.81261249,15654160.163065039,86902241.81261249,119547576.2300919,86902241.81261249,46962480.489195116,133864722.30180761,2526.6294124953056,1743203.2016085288
293,15-04-21,0.0,37994697.0546487,0.0,75989394.1092974,0.0,75989394.1092974,75989394.1092974,2388.9824405737672,1415451.81667967
294,16-04-21,98622532.99860407,33576788.688403435,201677157.25685033,33576788.688403435,295867598.99581224,33576788.688403435,329444387.68421566,2082.239439018225,942585.160751787
295,17-04-21,440793979.76579,6917444.804966041,440793979.76579,97636995.67339413,440793979.76579,20752334.414898124,461546314.1806881,3165.4930457213636,1168250.7311267473
296,18-04-21,738162942.2052615,29201391.328943443,1462307011.1073308,1387143714.8616865,1476325884.410523,58402782.657886885,1534728667.06841,1299.537360234661,1606647.9612955186
297,19-04-21,0.0,14519941.697560243,0.0,114323024.60735942,0.0,29039883.395120487,29039883.395120487,3172.5310773925016,349705.7139377341
298,20-04-21,0.0,32256085.429867145,0.0,64512170.85973429,0.0,64512170.85973429,64512170.85973429,2880.872131421674,318939.47623338306
299,21-04-21,116122776.99844211,4438495.91522544,201480569.79177558,221620824.51418692,232245553.99688423,31069471.406578075,263315025.4034623,3299.104157508514,1421487.2908056022
300,22-04-21,84213296.76237342,11724048.953247568,84213296.76237342,32916400.415052317,84213296.76237342,23448097.906495135,107661394.66886856,2594.9854410927405,783014.4876453489
301,23-04-21,72116411.03345916,4320378.108920593,121861731.53264725,1355451117.913365,144232822.0669183,17281512.43568237,161514334.50260067,3024.479085841933,2854795.0243347534
302,24-04-21,24808930.97311859,40445363.63957686,30441579.32785937,80890727.27915372,49617861.94623718,80890727.27915372,130508589.2253909,2305.131430274075,714600.3208140908
303,25-04-21,0.0,8685463.713292511,0.0,17370927.426585022,0.0,17370927.426585022,17370927.426585022,1860.3557036780328,443069.54760034604
304,27-04-21,0.0,9320202.274806285,0.0,18640404.54961257,0.0,18640404.54961257,18640404.54961257,2478.4576554081605,53688.052562771634
305,28-04-21,39561797.133379474,19011055.200135168,39561797.133379474,38022110.400270335,39561797.133379474,38022110.400270335,77583907.5336498,2748.7896649931313,514421.89526041754
306,29-04-21,0.0,4268283.09083237,0.0,60374130.53849523,0.0,25609698.544994224,25609698.544994224,3084.2865658017986,692405.3223052878
307,30-04-21,0.0,28335734.629138615,0.0,56671469.25827723,0.0,56671469.25827723,56671469.25827723,3095.878192588512,1135599.7859378955
308,01-05-21,0.0,23346592.935960736,0.0,23346592.935960736,0.0,23346592.935960736,23346592.935960736,3028.0372923637997,638122.2599176613
309,02-05-21,0.0,20756711.263044875,0.0,20756711.263044875,0.0,20756711.263044875,20756711.263044875,2808.204354284228,224791.19061127494
310,03-05-21,73172624.23152581,50924266.90200122,73172624.23152581,50924266.90200122,73172624.23152581,50924266.90200122,124096891.13352703,3260.8786983320447,1191372.3386226362
311,04-05-21,0.0,6489088.248642658,0.0,103779760.20011245,0.0,19467264.745927975,19467264.745927975,3289.4698644376617,816742.7239632601
312,05-05-21,0.0,15075476.43225611,0.0,15075476.43225611,0.0,15075476.43225611,15075476.43225611,3327.54711593287,541561.0177330036
313,07-05-21,0.0,9001356.851989115,0.0,31935273.137122322,0.0,18002713.70397823,18002713.70397823,3008.305594074642,3647293.73777201
314,09-05-21,16644109.858314963,0.0,16644109.858314963,0.0,16644109.858314963,0.0,16644109.858314963,1864.0769641772945,103152.08045821499
315,10-05-21,39574562.24803234,10982562.350992084,39574562.24803234,152089511.67888558,39574562.24803234,54912811.75496042,94487374.00299275,3074.5129376441973,1975913.1101371218
316,11-05-21,16690993.461866582,34523082.25953831,16690993.461866582,207138493.55722985,16690993.461866582,207138493.55722985,223829487.01909643,2471.542242830548,1149502.2575076395
317,12-05-21,37178753.655024305,37984621.38359574,37178753.655024305,151938485.53438297,37178753.655024305,151938485.53438297,189117239.1894073,2612.813859553367,287961.0826538716
318,13-05-21,32212397.23518441,29616019.342976373,38502528.88834146,59232038.685952745,64424794.47036882,59232038.685952745,123656833.15632156,3126.3142344727826,418608.7864426058
319,14-05-21,58439594.227675036,2491909.9911671495,98288533.99320054,261842070.5258223,116879188.45535007,14951459.947002897,131830648.40235297,2486.5924600604385,592233.7781160632
320,15-05-21,87704385.78492065,21863980.411395542,87704385.78492065,65591941.23418663,87704385.78492065,65591941.23418663,153296327.01910728,3220.5196048490584,1497166.8798918715
321,17-05-21,0.0,9779902.197268222,0.0,59815945.3469327,0.0,19559804.394536443,19559804.394536443,2755.3548728735686,657543.2036458496
322,20-05-21,0.0,15287067.633596558,0.0,90470858.08364144,0.0,30574135.267193116,30574135.267193116,2420.0950394868846,1718605.0651164956
323,21-05-21,20472706.485098638,0.0,22702735.67923487,0.0,40945412.970197275,0.0,40945412.970197275,2440.466574156404,464888.675702934
324,23-05-21,0.0,18367787.358894873,0.0,18367787.358894873,0.0,18367787.358894873,18367787.358894873,2334.618360489283,806276.8294464485
325,25-05-21,56369945.04645174,676142007.9562838,56369945.04645174,676142007.9562838,56369945.04645174,676142007.9562838,732511953.0027355,2134.149516400008,3222476.712489105
326,26-05-21,18386635.026683416,18453066.007747933,18386635.026683416,18453066.007747933,18386635.026683416,18453066.007747933,36839701.03443135,2018.5197500726538,531880.42780961
327,28-05-21,0.0,17923255.15841497,0.0,17923255.15841497,0.0,17923255.15841497,17923255.15841497,2594.242405055479,1265080.862280715
328,29-05-21,0.0,34170047.411972545,0.0,34170047.411972545,0.0,34170047.411972545,34170047.411972545,2401.234720326716,1433519.1613647358
329,30-05-21,13165243.175543968,0.0,13165243.175543968,0.0,13165243.175543968,0.0,13165243.175543968,2137.2905823472056,193407.8476970877
330,01-06-21,17050539.300550286,40902309.815983765,17050539.300550286,81804619.63196753,17050539.300550286,81804619.63196753,98855158.93251781,2745.1436380650853,694866.5155167397
331,02-06-21,0.0,4339466.363779402,0.0,21830978.170944247,0.0,13018399.091338206,13018399.091338206,2347.8228619182114,573389.2303096958
332,03-06-21,0.0,13628819.502577873,0.0,13628819.502577873,0.0,13628819.502577873,13628819.502577873,2730.3064178891545,450508.1110524287
333,09-06-21,0.0,73365006.11924462,0.0,146730012.23848924,0.0,146730012.23848924,146730012.23848924,2482.591495146743,2309381.9388433895
334,11-06-21,0.0,51946858.67171293,0.0,51946858.67171293,0.0,51946858.67171293,51946858.67171293,2303.987768484259,327321.58919748827
